500px;fa fa-500px;"&#xf26e;"
Address book;fa fa-address-book;"&#xf2b9;"
Address book open;fa fa-address-book-o;"&#xf2ba;"
Address card;fa fa-address-card;"&#xf2bb;"
Address card open;fa fa-address-card-o;"&#xf2bc;"
Adjust;fa fa-adjust;"&#xf042;"
adn;fa fa-adn;"&#xf170;"
Align center;fa fa-align-center;"&#xf037;"
Align justify;fa fa-align-justify;"&#xf039;"
Align Left;fa fa-align-left;"&#xf036;"
Align right;fa fa-align-right;"&#xf038;"
Amazon;fa fa-amazon;"&#xf270;"
Ambulance;fa fa-ambulance;"&#xf0f9;"
Sign Language;fa fa-american-sign-language-interpreting;"&#xf2a3;"
Anchor;fa fa-anchor;"&#xf13d;"
Android;fa fa-android;"&#xf17b;"
Angellist;fa fa-angellist;"&#xf209;"
Angle double down;fa fa-angle-double-down;"&#xf103;"
Angle double left;fa fa-angle-double-left;"&#xf100;"
Angle double right;fa fa-angle-double-right;"&#xf101;"
Angle double up;fa fa-angle-double-up;"&#xf102;"
Angle down;fa fa-angle-down;"&#xf107;"
Angle left;fa fa-angle-left;"&#xf104;"
Angle right;fa fa-angle-right;"&#xf105;"
Angle up;fa fa-angle-up;"&#xf106;"
Apple;fa fa-apple;"&#xf179;"
Archive;fa fa-archive;"&#xf187;"
Area chart;fa fa-area-chart;"&#xf1fe;"
Arrow circle down;fa fa-arrow-circle-down;"&#xf0ab;"
Arrow circle left;fa fa-arrow-circle-left;"&#xf0a8;"
Arrow circle right;fa fa-arrow-circle-right;"&#xf0a9;"
Arrow circle up;fa fa-arrow-circle-up;"&#xf0aa;"
Arrow circle o down;fa fa-arrow-circle-o-down;"&#xf01a;"
Arrow circle o left;fa fa-arrow-circle-o-left;"&#xf190;"
Arrow circle o right;fa fa-arrow-circle-o-right;"&#xf18e;"
Arrow circle o up;fa fa-arrow-circle-o-up;"&#xf01b;"
Arrow down;fa fa-arrow-down;"&#xf063;"
Arrow left;fa fa-arrow-left;"&#xf060;"
Arrow right;fa fa-arrow-right;"&#xf061;"
Arrow up;fa fa-arrow-up;"&#xf062;"
Arrows;fa fa-arrows;"&#xf047;"
Arrows alt;fa fa-arrows-alt;"&#xf0b2;"
Arrows horizontal;fa fa-arrows-h;"&#xf07e;"
Arrows vertical;fa fa-arrows-v;"&#xf07d;"
American sign language interpreting;fa fa-asl-interpreting;"&#xf2a3;"
Assistive listening system;fa fa-assistive-listening-systems;"&#xf2a2;"
Asterisk;fa fa-asterisk;"&#xf069;"
At;fa fa-at;"&#xf1fa;"
Audio description;fa fa-audio-description;"&#xf29e;"
Automobile;fa fa-automobile;"&#xf1b9;"
Backward;fa fa-backward;"&#xf04a;"
Balance scale;fa fa-balance-scale;"&#xf24e;"
Ban;fa fa-ban;"&#xf05e;"
Bandcamp;fa fa-bandcamp;"&#xf2d5;"
Bank;fa fa-bank;"&#xf19c;"
Bar chart;fa fa-bar-chart;"&#xf080;"
Bar chart o;fa fa-bar-chart-o;"&#xf080;"
Barcode;fa fa-barcode;"&#xf02a;"
Bars;fa fa-bars;"&#xf0c9;"
Bath;fa fa-bath;"&#xf2cd;"
Bathtub;fa fa-bathtub;"&#xf2cd;"
Battery;fa fa-battery;"&#xf240;"
Battery 0;fa fa-battery-0;"&#xf244;"
Battery 1;fa fa-battery-1;"&#xf243;"
Battery 2;fa fa-battery-2;"&#xf242;"
Battery 3;fa fa-battery-3;"&#xf241;"
Battery 4;fa fa-battery-4;"&#xf240;"
Battery empty;fa fa-battery-empty;"&#xf244;"
Battery full;fa fa-battery-full;"&#xf240;"
Battery half;fa fa-battery-half;"&#xf242;"
Battery quarter;fa fa-battery-quarter;"&#xf243;"
Battery three quarters;fa fa-battery-three-quarters;"&#xf241;"
Bed;fa fa-bed;"&#xf236;"
Beer;fa fa-beer;"&#xf0fc;"
Behance;fa fa-behance;"&#xf1b4;"
Behance square;fa fa-behance-square;"&#xf1b5;"
Bell;fa fa-bell;"&#xf0f3;"
Bell o;fa fa-bell-o;"&#xf0a2;"
Bell slash;fa fa-bell-slash;"&#xf1f6;"
Bell slash o;fa fa-bell-slash-o;"&#xf1f7;"
Bicycle;fa fa-bicycle;"&#xf206;"
Binoculars;fa fa-binoculars;"&#xf1e5;"
Birthday cake;fa fa-birthday-cake;"&#xf1fd;"
Bitbucket;fa fa-bitbucket;"&#xf171;"
Bitbucket square;fa fa-bitbucket-square;"&#xf172;"
Bitcoin;fa fa-bitcoin;"&#xf15a;"
Black tie;fa fa-black-tie;"&#xf27e;"
Blind;fa fa-blind;"&#xf29d;"
Bluetooth;fa fa-bluetooth;"&#xf293;"
Bluetooth b;fa fa-bluetooth-b;"&#xf294;"
Bold;fa fa-bold;"&#xf032;"
Bolt;fa fa-bolt;"&#xf0e7;"
Bomb;fa fa-bomb;"&#xf1e2;"
Book;fa fa-book;"&#xf02d;"
Bookmark;fa fa-bookmark;"&#xf02e;"
Bookmark o;fa fa-bookmark-o;"&#xf097;"
Braille;fa fa-braille;"&#xf2a1;"
Briefcase;fa fa-briefcase;"&#xf0b1;"
Btc;fa fa-btc;"&#xf15a;"
Bug;fa fa-bug;"&#xf188;"
Building;fa fa-building;"&#xf1ad;"
Building o;fa fa-building-o;"&#xf0f7;"
Bullhorn;fa fa-bullhorn;"&#xf0a1;"
Bullseye;fa fa-bullseye;"&#xf140;"
Bus;fa fa-bus;"&#xf207;"
Buy Sell ads;fa fa-buysellads;"&#xf20d;"
Cab;fa fa-cab;"&#xf1ba;"
Calculator;fa fa-calculator;"&#xf1ec;"
Calendar;fa fa-calendar;"&#xf073;"
Calendar check o;fa fa-calendar-check-o;"&#xf274;"
Calendar minus o;fa fa-calendar-minus-o;"&#xf272;"
Calendar o;fa fa-calendar-o;"&#xf133;"
Calendar plus o;fa fa-calendar-plus-o;"&#xf271;"
Calendar times o;fa fa-calendar-times-o;"&#xf273;"
Camera;fa fa-camera;"&#xf030;"
Camera retro;fa fa-camera-retro;"&#xf083;"
Car;fa fa-car;"&#xf1b9;"
Caret down;fa fa-caret-down;"&#xf0d7;"
Caret left;fa fa-caret-left;"&#xf0d9;"
Caret right;fa fa-caret-right;"&#xf0da;"
Caret square o down;fa fa-caret-square-o-down;"&#xf150;"
Caret square o left;fa fa-caret-square-o-left;"&#xf191;"
Caret square o right;fa fa-caret-square-o-right;"&#xf152;"
Caret square o up;fa fa-caret-square-o-up;"&#xf151;"
Caret up;fa fa-caret-up;"&#xf0d8;"
Cart arrow down;fa fa-cart-arrow-down;"&#xf218;"
Cart plus;fa fa-cart-plus;"&#xf217;"
cc;fa fa-cc;"&#xf20a;"
cc Amex;fa fa-cc-amex;"&#xf1f3;"
cc Diners club;fa fa-cc-diners-club;"&#xf24c;"
cc Discover;fa fa-cc-discover;"&#xf1f2;"
cc jcb;fa fa-cc-jcb;"&#xf24b;"
cc Mastercard;fa fa-cc-mastercard;"&#xf1f1;"
cc Paypal;fa fa-cc-paypal;"&#xf1f4;"
cc Stripe;fa fa-cc-stripe;"&#xf1f5;"
cc Visa;fa fa-cc-visa;"&#xf1f0;"
Certificate;fa fa-certificate;"&#xf0a3;"
Link;fa fa-link;"&#xf0c1;"
Chain broken;fa fa-chain-broken;"&#xf127;"
Check;fa fa-check;"&#xf00c;"
Check circle;fa fa-check-circle;"&#xf058;"
Check circle o;fa fa-check-circle-o;"&#xf05d;"
Check square;fa fa-check-square;"&#xf14a;"
Check square o;fa fa-check-square-o;"&#xf046;"
Chevron circle down;fa fa-chevron-circle-down;"&#xf13a;"
Chevron circle left;fa fa-chevron-circle-left;"&#xf137;"
Chevron circle right;fa fa-chevron-circle-right;"&#xf138;"
Chevron circle up;fa fa-chevron-circle-up;"&#xf139;"
Chevron down;fa fa-chevron-down;"&#xf078;"
Chevron left;fa fa-chevron-left;"&#xf053;"
Chevron right;fa fa-chevron-right;"&#xf054;"
Chevron up;fa fa-chevron-up;"&#xf077;"
Child;fa fa-child;"&#xf1ae;"
Chrome;fa fa-chrome;"&#xf268;"
Circle;fa fa-circle;"&#xf111;"
Circle o;fa fa-circle-o;"&#xf10c;"
Circle o notch;fa fa-circle-o-notch;"&#xf1ce;"
Circle thin;fa fa-circle-thin;"&#xf1db;"
Clipboard;fa fa-clipboard;"&#xf0ea;"
Clock;fa fa-clock-o;"&#xf017;"
Clone;fa fa-clone;"&#xf24d;"
Close;fa fa-close;"&#xf00d;"
Cloud;fa fa-cloud;"&#xf0c2;"
Cloud download;fa fa-cloud-download;"&#xf0ed;"
Cloud upload;fa fa-cloud-upload;"&#xf0ee;"
cny;fa fa-cny;"&#xf157;"
Code;fa fa-code;"&#xf121;"
Code fork;fa fa-code-fork;"&#xf126;"
Codepen;fa fa-codepen;"&#xf1cb;"
Codiepie;fa fa-codiepie;"&#xf284;"
Coffee;fa fa-coffee;"&#xf0f4;"
Cog;fa fa-cog;"&#xf013;"
Cogs;fa fa-cogs;"&#xf085;"
Columns;fa fa-columns;"&#xf0db;"
Comment;fa fa-comment;"&#xf075;"
Comment o;fa fa-comment-o;"&#xf0e5;"
Commenting;fa fa-commenting;"&#xf27a;"
Commenting o;fa fa-commenting-o;"&#xf27b;"
Comments;fa fa-comments;"&#xf086;"
Comments o;fa fa-comments-o;"&#xf0e6;"
Compass;fa fa-compass;"&#xf14e;"
Compress;fa fa-compress;"&#xf066;"
Connectdevelop;fa fa-connectdevelop;"&#xf20e;"
Contao;fa fa-contao;"&#xf26d;"
Copy;fa fa-copy;"&#xf0c5;"
Copyright;fa fa-copyright;"&#xf1f9;"
Creative commons;fa fa-creative-commons;"&#xf25e;"
Credit card;fa fa-credit-card;"&#xf09d;"
Credit card alt;fa fa-credit-card-alt;"&#xf283;"
Crop;fa fa-crop;"&#xf125;"
Crosshairs;fa fa-crosshairs;"&#xf05b;"
css3;fa fa-css3;"&#xf13c;"
Cube;fa fa-cube;"&#xf1b2;"
Cubes;fa fa-cubes;"&#xf1b3;"
Cut;fa fa-cut;"&#xf0c4;"
Cutlery;fa fa-cutlery;"&#xf0f5;"
Dashboard;fa fa-dashboard;"&#xf0e4;"
Dashcube;fa fa-dashcube;"&#xf210;"
Database;fa fa-database;"&#xf1c0;"
Deaf;fa fa-deaf;"&#xf2a4;"
Deafness;fa fa-deafness;"&#xf2a4;"
Dedent;fa fa-dedent;"&#xf03b;"
Delicious;fa fa-delicious;"&#xf1a5;"
Desktop;fa fa-desktop;"&#xf108;"
Deviantart;fa fa-deviantart;"&#xf1bd;"
Diamond;fa fa-diamond;"&#xf219;"
Digg;fa fa-digg;"&#xf1a6;"
Dollar;fa fa-dollar;"&#xf155;"
Dot circle o;fa fa-dot-circle-o;"&#xf192;"
Download;fa fa-download;"&#xf019;"
Dribbble;fa fa-dribbble;"&#xf17d;"
Drivers license;fa fa-drivers-license;"&#xf2c2;"
Drivers license o;fa fa-drivers-license-o;"&#xf2c3;"
Dropbox;fa fa-dropbox;"&#xf16b;"
Drupal;fa fa-drupal;"&#xf1a9;"
Edge;fa fa-edge;"&#xf282;"
Edit;fa fa-edit;"&#xf044;"
Eercast;fa fa-eercast;"&#xf2da;"
Eject;fa fa-eject;"&#xf052;"
Ellipsis h;fa fa-ellipsis-h;"&#xf141;"
Ellipsis v;fa fa-ellipsis-v;"&#xf142;"
Empire;fa fa-empire;"&#xf1d1;"
Envelope;fa fa-envelope;"&#xf0e0;"
Envelope o;fa fa-envelope-o;"&#xf003;"
Envelope open;fa fa-envelope-open;"&#xf2b6;"
Envelope open o;fa fa-envelope-open-o;"&#xf2b7;"
Envelope square;fa fa-envelope-square;"&#xf199;"
Envira;fa fa-envira;"&#xf299;"
Eraser;fa fa-eraser;"&#xf12d;"
Etsy;fa fa-etsy;"&#xf2d7;"
eur;fa fa-eur;"&#xf153;"
Euro;fa fa-euro;"&#xf153;"
Exchange;fa fa-exchange;"&#xf0ec;"
Exclamation;fa fa-exclamation;"&#xf12a;"
Exclamation circle;fa fa-exclamation-circle;"&#xf06a;"
Exclamation triangle;fa fa-exclamation-triangle;"&#xf071;"
Expand;fa fa-expand;"&#xf065;"
expeditedssl;fa fa-expeditedssl;"&#xf23e;"
External link;fa fa-external-link;"&#xf08e;"
External link square;fa fa-external-link-square;"&#xf14c;"
Eye;fa fa-eye;"&#xf06e;"
Eye slash;fa fa-eye-slash;"&#xf070;"
Eyedropper;fa fa-eyedropper;"&#xf1fb;"
fa;fa fa-fa;"&#xf2b4;"
Facebook;fa fa-facebook;"&#xf09a;"
Facebook f;fa fa-facebook-f;"&#xf09a;"
Facebook official;fa fa-facebook-official;"&#xf230;"
Facebook square;fa fa-facebook-square;"&#xf082;"
Fast backward;fa fa-fast-backward;"&#xf049;"
Fast forward;fa fa-fast-forward;"&#xf050;"
Fax;fa fa-fax;"&#xf1ac;"
Feed;fa fa-feed;"&#xf09e;"
Female;fa fa-female;"&#xf182;"
Fighter jet;fa fa-fighter-jet;"&#xf0fb;"
File;fa fa-file;"&#xf15b;"
File archive o;fa fa-file-archive-o;"&#xf1c6;"
File audio o;fa fa-file-audio-o;"&#xf1c7;"
File code o;fa fa-file-code-o;"&#xf1c9;"
File excel o;fa fa-file-excel-o;"&#xf1c3;"
File image o;fa fa-file-image-o;"&#xf1c5;"
File movie o;fa fa-file-movie-o;"&#xf1c8;"
File o;fa fa-file-o;"&#xf016;"
File pdf o;fa fa-file-pdf-o;"&#xf1c1;"
File photo o;fa fa-file-photo-o;"&#xf1c5;"
File picture o;fa fa-file-picture-o;"&#xf1c5;"
File powerpoint o;fa fa-file-powerpoint-o;"&#xf1c4;"
File sound o;fa fa-file-sound-o;"&#xf1c7;"
File text;fa fa-file-text;"&#xf15c;"
File text o;fa fa-file-text-o;"&#xf0f6;"
File video o;fa fa-file-video-o;"&#xf1c8;"
File word o;fa fa-file-word-o;"&#xf1c2;"
File zip o;fa fa-file-zip-o;"&#xf1c6;"
File o;fa fa-file-o;"&#xf0c5;"
Film;fa fa-film;"&#xf008;"
Filter;fa fa-filter;"&#xf0b0;"
Fire;fa fa-fire;"&#xf06d;"
Fire extinguisher;fa fa-fire-extinguisher;"&#xf134;"
Firefox;fa fa-firefox;"&#xf269;"
First order;fa fa-first-order;"&#xf2b0;"
Flag;fa fa-flag;"&#xf024;"
Flag checkered;fa fa-flag-checkered;"&#xf11e;"
Flag o;fa fa-flag-o;"&#xf11d;"
Flash;fa fa-flash;"&#xf0e7;"
Flask;fa fa-flask;"&#xf0c3;"
Flickr;fa fa-flickr;"&#xf16e;"
Floppy o;fa fa-floppy-o;"&#xf0c7;"
Folder;fa fa-folder;"&#xf07b;"
Folder o;fa fa-folder-o;"&#xf114;"
Folder open;fa fa-folder-open;"&#xf07c;"
Folder open o;fa fa-folder-open-o;"&#xf115;"
Font;fa fa-font;"&#xf031;"
Font awesome;fa fa-font-awesome;"&#xf2b4;"
Fonticons;fa fa-fonticons;"&#xf280;"
Fort awesome;fa fa-fort-awesome;"&#xf286;"
Forumbee;fa fa-forumbee;"&#xf211;"
Forward;fa fa-forward;"&#xf04e;"
Foursquare;fa fa-foursquare;"&#xf180;"
Free code camp;fa fa-free-code-camp;"&#xf2c5;"
Frown o;fa fa-frown-o;"&#xf119;"
Futbol o;fa fa-futbol-o;"&#xf1e3;"
Gamepad;fa fa-gamepad;"&#xf11b;"
Gavel;fa fa-gavel;"&#xf0e3;"
Gbp;fa fa-gbp;"&#xf0e3;"
Ge;fa fa-ge;"&#xf1d1;"
Gear;fa fa-gear;"&#xf013;"
Gears;fa fa-gears;"&#xf085;"
Genderless;fa fa-genderless;"&#xf22d;"
Get pocket;fa fa-get-pocket;"&#xf265;"
Gg;fa fa-gg;"&#xf260;"
Gg circle;fa fa-gg-circle;"&#xf261;"
Gift;fa fa-gift;"&#xf06b;"
Git;fa fa-git;"&#xf1d3;"
Git square;fa fa-git-square;"&#xf1d2;"
Github;fa fa-github;"&#xf09b;"
Github alt;fa fa-github-alt;"&#xf113;"
Github square;fa fa-github-square;"&#xf092;"
Gitlab;fa fa-gitlab;"&#xf296;"
Gittip;fa fa-gittip;"&#xf184;"
Glass;fa fa-glass;"&#xf000;"
Glide;fa fa-glide;"&#xf2a5;"
Glide g;fa fa-glide-g;"&#xf2a6;"
Globe;fa fa-globe;"&#xf0ac;"
Google;fa fa-google;"&#xf1a0;"
Google plus;fa fa-google-plus;"&#xf0d5;"
Google plus circle;fa fa-google-plus-circle;"&#xf2b3;"
Google plus official;fa fa-fa-google-plus-official;"&#xf2b3;"
Google wallet;fa fa-google-wallet;"&#xf1ee;"
Graduation cap;fa fa-graduation-cap;"&#xf19d;"
Gratipay;fa fa-gratipay;"&#xf184;"
Grav;fa fa-grav;"&#xf2d6;"
Group;fa fa-group;"&#xf0c0;"
H square;fa fa-h-square;"&#xf0fd;"
Hacket news;fa fa-hacker-news;"&#xf1d4;"
Hand grab o;fa fa-hand-grab-o;"&#xf255;"
Hand lizard o;fa fa-hand-lizard-o;"&#xf258;"
Hand o down;fa fa-hand-o-down;"&#xf0a7;"
Hand o left;fa fa-hand-o-left;"&#xf0a5;"
Hand o right;fa fa-hand-o-right;"&#xf0a4;"
Hand o up;fa fa-hand-o-up;"&#xf0a6;"
Hand paper o;fa fa-hand-paper-o;"&#xf256;"
Hand peace o;fa fa-hand-peace-o;"&#xf25b;"
Hand pointer o;fa fa-hand-pointer-o;"&#xf25a;"
Hand rock o;fa fa-hand-rock-o;"&#xf255;"
Hand scissors o;fa fa-hand-scissors-o;"&#xf257;"
Hand spock o;fa fa-hand-spock-o;"&#xf259;"
Hand stop o;fa fa-hand-stop-o;"&#xf256;"
Handshake o;fa fa-handshake-o;"&#xf2b5;"
Hard of hearing;fa fa-hard-of-hearing;"&#xf2a4;"
Hashtag;fa fa-hashtag;"&#xf292;"
Hdd o;fa fa-hdd-o;"&#xf0a0;"
Header;fa fa-header;"&#xf1dc;"
Headphones;fa fa-headphones;"&#xf025;"
Heart;fa fa-heart;"&#xf004;"
Heart o;fa fa-heart-o;"&#xf08a;"
Heartbeat;fa fa-heartbeat;"&#xf21e;"
History;fa fa-history;"&#xf1da;"
Home;fa fa-home;"&#xf015;"
Hospital o;fa fa-hospital-o;"&#xf0f8;"
Hotel;fa fa-hotel;"&#xf236;"
Hourglass;fa fa-hourglass;"&#xf254;"
Hourglass 1;fa fa-hourglass-1;"&#xf251;"
Hourglass 2;fa fa-hourglass-2;"&#xf252;"
Hourglass 3;fa fa-hourglass-3;"&#xf253;"
Hourglass end;fa fa-hourglass-end;"&#xf253;"
Hourglass half;fa fa-hourglass-half;"&#xf252;"
Hourglass o;fa fa-hourglass-o;"&#xf250;"
Hourglass start;fa fa-hourglass-start;"&#xf251;"
Houzz;fa fa-houzz;"&#xf27c;"
Html 5;fa fa-html5;"&#xf13b;"
I cursor;fa fa-i-cursor;"&#xf246;"
Id badge;fa fa-id-badge;"&#xf2c1;"
Id card;fa fa-id-card;"&#xf2c2;"
Id card o;fa fa-id-card-o;"&#xf2c3;"
Ils;fa fa-ils;"&#xf20b;"
Image;fa fa-image;"&#xf03e;"
Imdb;fa fa-imdb;"&#xf2d8;"
Inbox;fa fa-inbox;"&#xf01c;"
Indent;fa fa-indent;"&#xf03c;"
Industry;fa fa-industry;"&#xf275;"
Info;fa fa-info;"&#xf129;"
Info circle;fa fa-info-circle;"&#xf05a;"
Inr;fa fa-inr;"&#xf156;"
Instagram;fa fa-instagram;"&#xf16d;"
Institution;fa fa-institution;"&#xf19c;"
Internet explorer;fa fa-internet-explorer;"&#xf26b;"
Intersex;fa fa-intersex;"&#xf224;"
Ioxhost;fa fa-ioxhost;"&#xf208;"
Italic;fa fa-italic;"&#xf033;"
Joomla;fa fa-joomla;"&#xf1aa;"
Jpy;fa fa-jpy;"&#xf157;"
jsfiddle;fa fa-jsfiddle;"&#xf1cc;"
Key;fa fa-key;"&#xf084;"
Keyboard o;fa fa-keyboard-o;"&#xf11c;"
krw;fa fa-krw;"&#xf159;"
Language;fa fa-language;"&#xf1ab;"
Laptop;fa fa-laptop;"&#xf109;"
Lastfm;fa fa-lastfm;"&#xf202;"
Lastfm square;fa fa-lastfm-square;"&#xf203;"
Leaf;fa fa-leaf;"&#xf06c;"
Leanpub;fa fa-leanpub;"&#xf212;"
Legal;fa fa-legal;"&#xf0e3;"
Lemon o;fa fa-lemon-o;"&#xf094;"
Level down;fa fa-level-down;"&#xf149;"
Level up;fa fa-level-up;"&#xf148;"
Life bouy;fa fa-life-bouy;"&#xf1cd;"
Life buoy;fa fa-life-buoy;"&#xf1cd;"
Life ring;fa fa-life-ring;"&#xf1cd;"
Life saver;fa fa-life-saver;"&#xf1cd;"
Lightbulb o;fa fa-lightbulb-o;"&#xf0eb;"
Line chart;fa fa-line-chart;"&#xf201;"
Link;fa fa-link;"&#xf0c1;"
Linkedin;fa fa-linkedin;"&#xf0e1;"
Linkedin square;fa fa-linkedin-square;"&#xf08c;"
Linode;fa fa-linode;"&#xf2b8;"
Linux;fa fa-linux;"&#xf17c;"
List;fa fa-list;?
List alt;fa fa-list-alt;"&#xf022;"
List ol;fa fa-list-ol;"&#xf0cb;"
List ul;fa fa-list-ul;"&#xf0ca;"
Location arrow;fa fa-location-arrow;"&#xf124;"
Lock;fa fa-lock;"&#xf023;"
Long arrow down;fa fa-long-arrow-down;"&#xf175;"
Long arrow left;fa fa-long-arrow-left;"&#xf177;"
Long arrow right;fa fa-long-arrow-right;"&#xf178;"
Long arrow up;fa fa-long-arrow-up;"&#xf176;"
Low vision;fa fa-low-vision;"&#xf2a8;"
Magic;fa fa-magic;"&#xf0d0;"
Magnet;fa fa-magnet;"&#xf076;"
Mail forward;fa fa-mail-forward;"&#xf064;"
Mail reply;fa fa-mail-reply;"&#xf112;"
Mail reply all;fa fa-mail-reply-all;"&#xf122;"
Male;fa fa-male;"&#xf183;"
Map;fa fa-map;"&#xf279;"
Map marker;fa fa-map-marker;"&#xf041;"
Map o;fa fa-map-o;"&#xf278;"
Map pin;fa fa-map-pin;"&#xf276;"
Map signs;fa fa-map-signs;"&#xf277;"
Mars;fa fa-mars;"&#xf222;"
Mars double;fa fa-mars-double;"&#xf227;"
Mars stroke;fa fa-mars-stroke;"&#xf229;"
Mars stroke h;fa fa-mars-stroke-h;"&#xf22b;"
Mars stroke v;fa fa-mars-stroke-v;"&#xf22a;"
Maxcdn;fa fa-maxcdn;"&#xf136;"
Meanpath;fa fa-meanpath;"&#xf20c;"
Medium;fa fa-medium;"&#xf23a;"
Medkit;fa fa-medkit;"&#xf0fa;"
Meetup;fa fa-meetup;"&#xf2e0;"
Meh o;fa fa-meh-o;"&#xf11a;"
Mercury;fa fa-mercury;"&#xf223;"
Microchip;fa fa-microchip;"&#xf2db;"
Microphone;fa fa-microphone;"&#xf130;"
Microphone slash;fa fa-microphone-slash;"&#xf131;"
Minus;fa fa-minus;"&#xf068;"
Minus circle;fa fa-minus-circle;"&#xf056;"
Minus square;fa fa-minus-square;"&#xf146;"
Minus square o;fa fa-minus-square-o;"&#xf147;"
Mixcloud;fa fa-mixcloud;"&#xf289;"
Mobile;fa fa-mobile;"&#xf10b;"
Mobile phone;fa fa-mobile-phone;"&#xf10b;"
Modx;fa fa-modx;"&#xf285;"
Money;fa fa-money;"&#xf0d6;"
Moon o;fa fa-moon-o;"&#xf186;"
Mortar board;fa fa-mortar-board;"&#xf19d;"
Motorcycle;fa fa-motorcycle;?
Mouse pointer;fa fa-mouse-pointer;"&#xf245;"
Music;fa fa-music;"&#xf001;"
Navicon;fa fa-navicon;"&#xf0c9;"
Neuter;fa fa-neuter;"&#xf22c;"
Newspaper o;fa fa-newspaper-o;"&#xf1ea;"
Object group;fa fa-object-group;"&#xf247;"
Object ungroup;fa fa-object-ungroup;"&#xf248;"
Odnoklassniki;fa fa-odnoklassniki;"&#xf263;"
Odnoklassniki square;fa fa-odnoklassniki-square;"&#xf264;"
Opencart;fa fa-opencart;"&#xf23d;"
Openid;fa fa-openid;"&#xf19b;"
Opera;fa fa-opera;"&#xf26a;"
Optin master;fa fa-optin-monster;"&#xf23c;"
Outdent;fa fa-outdent;"&#xf03b;"
Pagelines;fa fa-pagelines;"&#xf18c;"
Paint brush;fa fa-paint-brush;"&#xf1fc;"
Paper plane;fa fa-paper-plane;"&#xf1d8;"
Paper plane o;fa fa-paper-plane-o;"&#xf1d9;"
Paperclip;fa fa-paperclip;"&#xf0c6;"
Paragraph;fa fa-paragraph;"&#xf1dd;"
Paste;fa fa-paste;"&#xf0ea;"
Pause;fa fa-pause;"&#xf04c;"
Pause circle;fa fa-pause-circle;"&#xf28b;"
Pause circle o;fa fa-pause-circle-o;"&#xf28c;"
Paw;fa fa-paw;"&#xf1b0;"
Paypal;fa fa-paypal;"&#xf1ed;"
Pencil;fa fa-pencil;"&#xf040;"
Pencil square;fa fa-pencil-square;"&#xf14b;"
Pencil square o;fa fa-pencil-square-o;"&#xf044;"
Percent;fa fa-percent;"&#xf295;"
Phone;fa fa-phone;"&#xf095;"
Phone square;fa fa-phone-square;"&#xf098;"
Photo;fa fa-photo;"&#xf03e;"
Picture o;fa fa-picture-o;"&#xf03e;"
Pie chart;fa fa-pie-chart;"&#xf200;"
Pied piper;fa fa-pied-piper;"&#xf2ae;"
Pied piper alt;fa fa-pied-piper-alt;"&#xf1a8;"
Pied piper pp;fa fa-pied-piper-pp;"&#xf1a7;"
Pinterest;fa fa-pinterest;"&#xf0d2;"
Pinterest p;fa fa-pinterest-p;"&#xf231;"
Pinterest square;fa fa-pinterest-square;"&#xf0d3;"
Plane;fa fa-plane;"&#xf072;"
Play;fa fa-play;"&#xf04b;"
Play circle;fa fa-play-circle;"&#xf144;"
Play circle o;fa fa-play-circle-o;"&#xf01d;"
Plug;fa fa-plug;"&#xf1e6;"
Plus;fa fa-plus;"&#xf067;"
Plus circle;fa fa-plus-circle;"&#xf055;"
Plus square;fa fa-plus-square;"&#xf0fe;"
Plus square o;fa fa-plus-square-o;"&#xf196;"
Podcase;fa fa-podcast;"&#xf2ce;"
Power off;fa fa-power-off;"&#xf011;"
Print;fa fa-print;"&#xf02f;"
Product hunt;fa fa-product-hunt;"&#xf288;"
Puzzle piece;fa fa-puzzle-piece;"&#xf12e;"
Qq;fa fa-qq;"&#xf1d6;"
Qrcode;fa fa-qrcode;"&#xf029;"
Question;fa fa-question;"&#xf128;"
Question circle;fa fa-question-circle;"&#xf059;"
Question circle o;fa fa-question-circle-o;"&#xf29c;"
Quora;fa fa-quora;"&#xf2c4;"
Quote left;fa fa-quote-left;"&#xf10d;"
Quote right;fa fa-quote-right;"&#xf10e;"
Ra;fa fa-ra;"&#xf1d0;"
Random;fa fa-random;"&#xf074;"
Ravelry;fa fa-ravelry;"&#xf2d9;"
Rebel;fa fa-rebel;"&#xf1d0;"
Recycle;fa fa-recycle;"&#xf1b8;"
Reddit;fa fa-reddit;"&#xf1a1;"
Reddit alien;fa fa-reddit-alien;"&#xf281;"
Reddit square;fa fa-reddit-square;"&#xf1a2;"
Refresh;fa fa-refresh;"&#xf021;"
Registered;fa fa-registered;"&#xf25d;"
Remove;fa fa-remove;"&#xf00d;"
Renren;fa fa-renren;"&#xf18b;"
Reorder;fa fa-reorder;"&#xf0c9;"
Repeat;fa fa-repeat;"&#xf01e;"
Reply;fa fa-reply;"&#xf112;"
Reply all;fa fa-reply-all;"&#xf122;"
Resistance;fa fa-resistance;"&#xf1d0;"
Retweet;fa fa-retweet;"&#xf079;"
Rmb;fa fa-rmb;"&#xf157;"
Road;fa fa-road;"&#xf018;"
Rocket;fa fa-rocket;"&#xf135;"
Rotate left;fa fa-rotate-left;"&#xf0e2;"
Rotate right;fa fa-rotate-right;"&#xf01e;"
Rouble;fa fa-rouble;"&#xf158;"
Rss;fa fa-rss;"&#xf09e;"
Rss square;fa fa-rss-square;"&#xf143;"
Rub;fa fa-rub;"&#xf158;"
Ruble;fa fa-ruble;"&#xf158;"
Rupee;fa fa-rupee;"&#xf156;"
s15;fa fa-s15;"&#xf2cd;"
Safari;fa fa-safari;"&#xf267;"
Save;fa fa-save;"&#xf0c7;"
Scissors;fa fa-scissors;"&#xf0c4;"
Scribd;fa fa-scribd;"&#xf28a;"
Search;fa fa-search;"&#xf002;"
Search minus;fa fa-search-minus;"&#xf010;"
Search plus;fa fa-search-plus;"&#xf00e;"
Sellsy;fa fa-sellsy;"&#xf213;"
Send;fa fa-send;"&#xf1d8;"
Send o;fa fa-send-o;"&#xf1d9;"
Server;fa fa-server;"&#xf233;"
Share;fa fa-share;"&#xf064;"
Share alt;fa fa-share-alt;"&#xf1e0;"
Share alt square;fa fa-share-alt-square;"&#xf1e1;"
Share square;fa fa-share-square;"&#xf14d;"
Share square o;fa fa-share-square-o;"&#xf045;"
Sheqel;fa fa-sheqel;"&#xf20b;"
Shekel;fa fa-shekel;"&#xf20b;"
Shield;fa fa-shield;"&#xf132;"
Ship;fa fa-ship;"&#xf21a;"
Shirtsinbulk;fa fa-shirtsinbulk;"&#xf214;"
Shopping bag;fa fa-shopping-bag;"&#xf290;"
Shopping basket;fa fa-shopping-basket;"&#xf291;"
Shopping cart;fa fa-shopping-cart;"&#xf07a;"
Shower;fa fa-shower;"&#xf2cc;"
Sign in;fa fa-sign-in;"&#xf090;"
Sign language;fa fa-sign-language;"&#xf2a7;"
Sign out;fa fa-sign-out;"&#xf08b;"
Signal;fa fa-signal;"&#xf012;"
Signing;fa fa-signing;"&#xf2a7;"
Simplybuilt;fa fa-simplybuilt;"&#xf215;"
Sitemap;fa fa-sitemap;"&#xf0e8;"
Skyatlas;fa fa-skyatlas;"&#xf216;"
Skype;fa fa-skype;"&#xf17e;"
Slack;fa fa-slack;"&#xf198;"
Sliders;fa fa-sliders;"&#xf1de;"
Slideshare;fa fa-slideshare;"&#xf1e7;"
Smile o;fa fa-smile-o;"&#xf118;"
Snapchat;fa fa-snapchat;"&#xf2ab;"
Snapchat ghost;fa fa-snapchat-ghost;"&#xf2ac;"
Snapchat square;fa fa-snapchat-square;"&#xf2ad;"
Snowflake o;fa fa-snowflake-o;"&#xf2dc;"
Soccer ball o;fa fa-soccer-ball-o;"&#xf1e3;"
Sort;fa fa-sort;"&#xf0dc;"
Sort alpha asc;fa fa-sort-alpha-asc;"&#xf15d;"
Sort alpha desc;fa fa-sort-alpha-desc;"&#xf15e;"
Sort amount asc;fa fa-sort-amount-asc;"&#xf160;"
Sort amount desc;fa fa-sort-amount-desc;"&#xf161;"
Sort asc;fa fa-sort-asc;"&#xf0de;"
Sort desc;fa fa-sort-desc;"&#xf0dd;"
Sort down;fa fa-sort-down;"&#xf0dd;"
Sort numeric asc;fa fa-sort-numeric-asc;"&#xf162;"
Sort numeric desc;fa fa-sort-numeric-desc;"&#xf163;"
Sort up;fa fa-sort-up;"&#xf0de;"
Soundcloud;fa fa-soundcloud;"&#xf1be;"
Space shuttle;fa fa-space-shuttle;"&#xf197;"
Spinner;fa fa-spinner;"&#xf110;"
Spoon;fa fa-spoon;"&#xf1b1;"
Spotify;fa fa-spotify;"&#xf1bc;"
Square;fa fa-square;"&#xf0c8;"
Square o;fa fa-square-o;"&#xf096;"
Stack exchange;fa fa-stack-exchange;"&#xf18d;"
Stack overflow;fa fa-stack-overflow;"&#xf16c;"
Star;fa fa-star;"&#xf005;"
Star half;fa fa-star-half;"&#xf089;"
Star half empty;fa fa-star-half-empty;"&#xf123;"
Star half full;fa fa-star-half-full;"&#xf123;"
Star half o;fa fa-star-half-o;"&#xf123;"
Star o;fa fa-star-o;"&#xf006;"
Steam;fa fa-steam;"&#xf1b6;"
Steam square;fa fa-steam-square;"&#xf1b7;"
Step backward;fa fa-step-backward;"&#xf048;"
Step forward;fa fa-step-forward;"&#xf051;"
Stethescope;fa fa-stethoscope;"&#xf0f1;"
Sticky note;fa fa-sticky-note;"&#xf249;"
Sticky note o;fa fa-sticky-note-o;"&#xf24a;"
Stop;fa fa-stop;"&#xf04d;"
Stop circle;fa fa-stop-circle;"&#xf28d;"
Stop circle o;fa fa-stop-circle-o;"&#xf28e;"
Street view;fa fa-street-view;"&#xf21d;"
Strikethrough;fa fa-strikethrough;"&#xf0cc;"
Stumbleupon;fa fa-stumbleupon;"&#xf1a4;"
Stumbleupon circle;fa fa-stumbleupon-circle;"&#xf1a3;"
Subscript;fa fa-subscript;"&#xf12c;"
Subway;fa fa-subway;"&#xf239;"
Suitcase;fa fa-suitcase;"&#xf0f2;"
Sun o;fa fa-sun-o;"&#xf185;"
Superpowers;fa fa-superpowers;"&#xf2dd;"
Superscript;fa fa-superscript;"&#xf12b;"
Support;fa fa-support;"&#xf1cd;"
Table;fa fa-table;"&#xf0ce;"
Tablet;fa fa-tablet;"&#xf10a;"
Tachometer;fa fa-tachometer;"&#xf0e4;"
Tag;fa fa-tag;"&#xf02b;"
Tags;fa fa-tags;"&#xf02c;"
Tasks;fa fa-tasks;"&#xf0ae;"
Taxi;fa fa-taxi;"&#xf1ba;"
Telegram;fa fa-telegram;"&#xf2c6;"
Television;fa fa-television;"&#xf26c;"
Tencent weibo;fa fa-tencent-weibo;"&#xf1d5;"
Terminal;fa fa-terminal;"&#xf120;"
Text height;fa fa-text-height;"&#xf034;"
Text width;fa fa-text-width;"&#xf035;"
Th;fa fa-th;"&#xf00a;"
Th large;fa fa-th-large;"&#xf009;"
Th list;fa fa-th-list;"&#xf00b;"
Themeisle;fa fa-themeisle;"&#xf2b2;"
Thermometer;fa fa-thermometer;"&#xf2c7;"
Thermometer 0;fa fa-thermometer-0;"&#xf2cb;"
Thermometer 1;fa fa-thermometer-1;"&#xf2ca;"
Thermometer 2;fa fa-thermometer-2;"&#xf2c9;"
Thermometer-3;fa fa-thermometer-3;"&#xf2c8;"
Thermometer 4;fa fa-thermometer-4;"&#xf2c7;"
Thermometer empty;fa fa-thermometer-empty;"&#xf2cb;"
Thermometer full;fa fa-thermometer-full;"&#xf2c7;"
Thermometer half;fa fa-thermometer-half;"&#xf2c9;"
Thermometer quarter;fa fa-thermometer-quarter;"&#xf2ca;"
Thermometer three quarters;fa fa-thermometer-three-quarters;"&#xf2c8;"
Thumbs o up;fa fa-thumbs-o-up;"&#xf087;"
Thumbs up;fa fa-thumbs-up;"&#xf164;"
Ticket;fa fa-ticket;"&#xf145;"
Times;fa fa-times;"&#xf00d;"
Times circle;fa fa-times-circle;"&#xf057;"
Times circle o;fa fa-times-circle-o;"&#xf05c;"
Times rectangle;fa fa-times-rectangle;"&#xf2d3;"
Times rectangle o;fa fa-times-rectangle-o;"&#xf2d4;"
Toggle off;fa fa-toggle-off;"&#xf204;"
Toggle on;fa fa-toggle-on;"&#xf205;"
Toggle right;fa fa-toggle-right;"&#xf152;"
Toggle up;fa fa-toggle-up;"&#xf151;"
Trademark;fa fa-trademark;"&#xf25c;"
Train;fa fa-train;"&#xf238;"
Transgender;fa fa-transgender;"&#xf224;"
Transgender alt;fa fa-transgender-alt;"&#xf225;"
Trash;fa fa-trash;"&#xf1f8;"
Trash o;fa fa-trash-o;"&#xf014;"
Tree;fa fa-tree;"&#xf1bb;"
Trello;fa fa-trello;"&#xf181;"
Tripadvisor;fa fa-tripadvisor;"&#xf262;"
Trophy;fa fa-trophy;"&#xf091;"
Truck;fa fa-truck;"&#xf0d1;"
Try;fa fa-try;"&#xf195;"
Tty;fa fa-tty;"&#xf1e4;"
Tumblr;fa fa-tumblr;"&#xf173;"
Tumblr square;fa fa-tumblr-square;"&#xf174;"
Turkish lira;fa fa-turkish-lira;"&#xf195;"
Tv;fa fa-tv;"&#xf26c;"
Twitch;fa fa-twitch;"&#xf1e8;"
Twitter;fa fa-twitter;"&#xf099;"
Twitter square;fa fa-twitter-square;"&#xf081;"
Umbrella;fa fa-umbrella;"&#xf0e9;"
Underline;fa fa-underline;"&#xf0cd;"
Undo;fa fa-undo;"&#xf0e2;"
Universal access;fa fa-universal-access;"&#xf29a;"
University;fa fa-university;"&#xf19c;"
Unlink;fa fa-unlink;"&#xf127;"
Unlock;fa fa-unlock;"&#xf09c;"
Unlock alt;fa fa-unlock-alt;"&#xf13e;"
Unsorted;fa fa-unsorted;"&#xf0dc;"
Upload;fa fa-upload;"&#xf093;"
Usb;fa fa-usb;"&#xf287;"
Usd;fa fa-usd;"&#xf155;"
User;fa fa-user;"&#xf007;"
User circle;fa fa-user-circle;"&#xf2bd;"
User circle o;fa fa-user-circle-o;"&#xf2be;"
User md;fa fa-user-md;"&#xf0f0;"
User o;fa fa-user-o;"&#xf2c0;"
User plus;fa fa-user-plus;"&#xf234;"
User secret;fa fa-user-secret;"&#xf21b;"
User times;fa fa-user-times;"&#xf235;"
Users;fa fa-users;"&#xf0c0;"
Vcard;fa fa-vcard;"&#xf2bb;"
Vcard o;fa fa-vcard-o;"&#xf2bc;"
Venus;fa fa-venus;"&#xf221;"
Venus double;fa fa-venus-double;"&#xf226;"
Venus mars;fa fa-venus-mars;"&#xf228;"
Viacoin;fa fa-viacoin;"&#xf237;"
Viadeo;fa fa-viadeo;"&#xf2a9;"
Viadeo square;fa fa-viadeo-square;"&#xf2aa;"
Video camera;fa fa-video-camera;"&#xf03d;"
Vimeo;fa fa-vimeo;"&#xf27d;"
Vimeo square;fa fa-vimeo-square;"&#xf194;"
Vine;fa fa-vine;"&#xf1ca;"
Vk;fa fa-vk;"&#xf189;"
Volume control phone;fa fa-volume-control-phone;"&#xf2a0;"
Volume down;fa fa-volume-down;"&#xf027;"
Volume off;fa fa-volume-off;"&#xf026;"
Volume up;fa fa-volume-up;"&#xf028;"
Warning;fa fa-warning;"&#xf071;"
Wechat;fa fa-wechat;"&#xf1d7;"
Weibo;fa fa-weibo;"&#xf18a;"
Weixin;fa fa-weixin;"&#xf1d7;"
Whatsapp;fa fa-whatsapp;"&#xf232;"
Wheelchair;fa fa-wheelchair;"&#xf193;"
Wheelchair alt;fa fa-wheelchair-alt;"&#xf29b;"
Wifi;fa fa-wifi;"&#xf1eb;"
Wikipedia w;fa fa-wikipedia-w;"&#xf266;"
Window close;fa fa-window-close;"&#xf2d3;"
Window close o;fa fa-window-close-o;"&#xf2d4;"
Window maximize;fa fa-window-maximize;"&#xf2d0;"
Window minimize;fa fa-window-minimize;"&#xf2d1;"
Window restore;fa fa-window-restore;"&#xf2d2;"
Windows;fa fa-windows;"&#xf17a;"
Won;fa fa-won;"&#xf159;"
Wordpress;fa fa-wordpress;"&#xf19a;"
Wpbeginner;fa fa-wpbeginner;"&#xf297;"
Wpexplorer;fa fa-wpexplorer;"&#xf2de;"
Wpforms;fa fa-wpforms;"&#xf298;"
Wrench;fa fa-wrench;"&#xf0ad;"
Xing;fa fa-xing;"&#xf168;"
Xing square;fa fa-xing-square;"&#xf169;"
Y combinator;fa fa-y-combinator;"&#xf23b;"
Y combinator square;fa fa-y-combinator-square;"&#xf1d4;"
Yahoo;fa fa-yahoo;"&#xf19e;"
Yc;fa fa-yc;"&#xf23b;"
Yc square;fa fa-yc-square;"&#xf1d4;"
Yelp;fa fa-yelp;"&#xf1e9;"
Yen;fa fa-yen;"&#xf157;"
Yoast;fa fa-yoast;"&#xf2b1;"
Youtube;fa fa-youtube;"&#xf167;"
Youtube play;fa fa-youtube-play;"&#xf16a;"
Youtube square;fa fa-youtube-square;"&#xf166;"